date,customer_id,product,price,quantity,coupon_code,shipping_city,discount_rate,gross_revenue,final_revenue,days_since_purchase,country,country_code
2014-10-18,CUST0001,Cosmetics,437.2,8446,NONE,Toronto,0.0,3692591.1999999997,3692591.1999999997,4093,Libya,LY
2011-11-07,CUST0002,Vegetables,154.06,3018,NONE,Waterloo,0.0,464953.08,464953.08,5169,Canada,CA
2016-10-31,CUST0003,Baby Food,255.28,1517,NONE,Ottawa,0.0,387259.76,387259.76,3349,Libya,LY
2010-04-10,CUST0004,Cereal,205.7,3322,NONE,Waterloo,0.0,683335.3999999999,683335.3999999999,5745,Japan,JP
2011-08-16,CUST0005,Fruits,9.33,9845,NONE,Kitchener,0.0,91853.85,91853.85,5252,Chad,TD
2014-11-24,CUST0006,Cereal,205.7,9528,SAVE10,Toronto,0.1,1959909.5999999999,1763918.64,4056,Armenia,AM
2015-03-04,CUST0007,Cereal,205.7,2844,NONE,Toronto,0.0,585010.7999999999,585010.7999999999,3956,Eritrea,ER
2012-05-17,CUST0008,Clothes,109.28,7299,NONE,Toronto,0.0,797634.72,797634.72,4977,Montenegro,ME
2015-01-29,CUST0009,Vegetables,154.06,2428,SAVE20,Toronto,0.2,374057.68,299246.14400000003,3990,Jamaica,JM
2013-12-24,CUST0010,Vegetables,154.06,4800,NONE,Toronto,0.0,739488.0,739488.0,4391,Fiji,FJ
2015-12-29,CUST0011,Clothes,109.28,3012,NONE,Ottawa,0.0,329151.36,329151.36,3656,Togo,TG
2010-02-27,CUST0012,Snacks,152.58,2694,NONE,Waterloo,0.0,411050.52,411050.52,5787,Montenegro,ME
2016-11-17,CUST0013,Household,668.27,1508,SAVE10,Toronto,0.1,1007751.1599999999,906976.044,3332,Greece,GR
2015-12-20,CUST0014,Cosmetics,437.2,4146,SAVE10,Ottawa,0.1,1812631.2,1631368.08,3665,Sudan,SD
2011-01-08,CUST0015,Fruits,9.33,7332,NONE,Toronto,0.0,68407.56,68407.56,5472,Maldives,MV
2010-06-28,CUST0016,Clothes,109.28,4820,SAVE10,Hamilton,0.1,526729.6,474056.64,5666,Montenegro,ME
2016-04-25,CUST0017,Office Supplies,651.21,2397,SAVE20,Toronto,0.2,1560950.37,1248760.296,3538,Estonia,EE
2012-07-27,CUST0018,Beverages,47.45,2880,SAVE10,Waterloo,0.1,136656.0,122990.40000000001,4906,Greenland,GL
2014-09-08,CUST0019,Clothes,109.28,1117,SAVE20,Kitchener,0.2,122065.76,97652.60800000001,4133,Cape Verde,CV
2012-08-27,CUST0020,Household,668.27,8989,SAVE15,Toronto,0.15,6007079.03,5106017.1755,4875,Senegal,SN
2012-09-03,CUST0021,Snacks,152.58,407,NONE,Toronto,0.0,62100.060000000005,62100.060000000005,4868,Federated States of Micronesia,FM
2010-08-27,CUST0022,Clothes,109.28,6313,SAVE10,Toronto,0.1,689884.64,620896.176,5606,Bulgaria,BG
2011-02-20,CUST0023,Personal Care,81.73,9681,SAVE20,Kitchener,0.2,791228.13,632982.5040000001,5429,Algeria,DZ
2015-12-12,CUST0024,Clothes,109.28,515,SAVE15,Kitchener,0.15,56279.2,47837.32,3673,Mongolia,MN
2012-10-28,CUST0025,Cereal,205.7,852,SAVE15,Toronto,0.15,175256.4,148967.94,4813,Grenada,GD
2017-01-30,CUST0026,Beverages,47.45,9759,SAVE10,Hamilton,0.1,463064.55000000005,416758.09500000003,3258,Grenada,GD
2014-10-22,CUST0027,Beverages,47.45,8334,SAVE10,Kitchener,0.1,395448.30000000005,355903.47000000003,4089,Senegal,SN
2012-01-31,CUST0028,Fruits,9.33,4709,SAVE15,Kitchener,0.15,43934.97,37344.7245,5084,Greenland,GL
2016-01-20,CUST0029,Meat,421.89,9043,NONE,Kitchener,0.0,3815151.27,3815151.27,3634,Chad,TD
2016-01-01,CUST0030,Personal Care,81.73,8529,NONE,Ottawa,0.0,697075.17,697075.17,3653,Mauritius,MU
2017-06-01,CUST0031,Beverages,47.45,2391,SAVE20,Toronto,0.2,113452.95000000001,90762.36000000002,3136,Morocco,MA
2015-06-30,CUST0032,Office Supplies,651.21,6884,NONE,Hamilton,0.0,4482929.640000001,4482929.640000001,3838,Honduras,HN
2014-01-28,CUST0033,Fruits,9.33,293,SAVE15,Kitchener,0.15,2733.69,2323.6365,4356,Benin,BJ
2014-04-08,CUST0034,Baby Food,255.28,7937,SAVE15,Ottawa,0.15,2026157.36,1722233.756,4286,Greece,GR
2010-09-04,CUST0035,Beverages,47.45,7163,SAVE15,Waterloo,0.15,339884.35000000003,288901.6975,5598,Jamaica,JM
2010-05-02,CUST0036,Office Supplies,651.21,2352,NONE,Waterloo,0.0,1531645.9200000002,1531645.9200000002,5723,Equatorial Guinea,GQ
2013-10-03,CUST0037,Office Supplies,651.21,9915,SAVE20,Kitchener,0.2,6456747.15,5165397.720000001,4473,Swaziland,SZ
2011-03-06,CUST0038,Vegetables,154.06,3294,NONE,Hamilton,0.0,507473.64,507473.64,5415,Trinidad and Tobago,TT
2016-08-07,CUST0039,Baby Food,255.28,7963,SAVE20,Hamilton,0.2,2032794.64,1626235.712,3434,Sweden,SE
2011-01-11,CUST0040,Office Supplies,651.21,6426,NONE,Toronto,0.0,4184675.4600000004,4184675.4600000004,5469,Belarus,BY
2014-05-21,CUST0041,Office Supplies,651.21,3221,SAVE15,Kitchener,0.15,2097547.41,1782915.2985,4243,Guinea-Bissau,GW
2013-08-03,CUST0042,Beverages,47.45,9913,SAVE15,Waterloo,0.15,470371.85000000003,399816.0725,4534,Mongolia,MN
2011-10-05,CUST0043,Meat,421.89,103,SAVE10,Toronto,0.1,43454.67,39109.203,5202,Turkey,TR
2016-11-15,CUST0044,Snacks,152.58,4419,NONE,Hamilton,0.0,674251.02,674251.02,3334,Central African Republic,CF
2015-04-03,CUST0045,Office Supplies,651.21,5523,NONE,Toronto,0.0,3596632.83,3596632.83,3926,Equatorial Guinea,GQ
2013-03-22,CUST0046,Beverages,47.45,3107,SAVE10,Waterloo,0.1,147427.15000000002,132684.43500000003,4668,Laos,LA
2010-08-02,CUST0047,Meat,421.89,8896,SAVE15,Hamilton,0.15,3753133.44,3190163.4239999996,5631,Armenia,AM
2012-01-05,CUST0048,Household,668.27,1643,NONE,Ottawa,0.0,1097967.6099999999,1097967.6099999999,5110,Greece,GR
2015-08-26,CUST0049,Personal Care,81.73,2135,SAVE10,Ottawa,0.1,174493.55000000002,157044.195,3781,Israel,IL
2016-12-09,CUST0050,Meat,421.89,8189,NONE,Kitchener,0.0,3454857.21,3454857.21,3310,Bhutan,BT
2012-05-17,CUST0051,Vegetables,154.06,9654,SAVE20,Toronto,0.2,1487295.24,1189836.192,4977,Vanuatu,VU
2010-11-17,CUST0052,Vegetables,154.06,3410,SAVE15,Hamilton,0.15,525344.6,446542.91,5524,Burundi,BI
2014-11-13,CUST0053,Cosmetics,437.2,8368,SAVE20,Kitchener,0.2,3658489.6,2926791.68,4067,Ukraine,UA
2016-06-16,CUST0054,Beverages,47.45,470,SAVE15,Toronto,0.15,22301.5,18956.274999999998,3486,Croatia,HR
2016-05-31,CUST0055,Fruits,9.33,7690,SAVE10,Waterloo,0.1,71747.7,64572.93,3502,Madagascar,MG
2012-10-06,CUST0056,Snacks,152.58,5033,SAVE15,Hamilton,0.15,767935.14,652744.869,4835,Malaysia,MY
2012-03-10,CUST0057,Office Supplies,651.21,9535,SAVE15,Toronto,0.15,6209287.350000001,5277894.2475000005,5045,Uzbekistan,UZ
2011-01-26,CUST0058,Office Supplies,651.21,5263,SAVE10,Hamilton,0.1,3427318.23,3084586.407,5454,Italy,IT
2014-06-02,CUST0059,Vegetables,154.06,8316,SAVE15,Toronto,0.15,1281162.96,1088988.5159999998,4231,Nepal,NP
2016-12-17,CUST0060,Personal Care,81.73,1824,NONE,Waterloo,0.0,149075.52000000002,149075.52000000002,3302,Fiji,FJ
2014-06-27,CUST0061,Office Supplies,651.21,949,SAVE10,Hamilton,0.1,617998.29,556198.461,4206,Portugal,PT
2015-03-17,CUST0062,Cosmetics,437.2,7881,SAVE10,Ottawa,0.1,3445573.1999999997,3101015.88,3943,Panama,PA
2013-04-03,CUST0063,Beverages,47.45,6846,SAVE10,Waterloo,0.1,324842.7,292358.43,4656,Belarus,BY
2015-03-08,CUST0064,Clothes,109.28,9097,SAVE20,Toronto,0.2,994120.16,795296.128,3952,Botswana,BW
2013-06-21,CUST0065,Personal Care,81.73,7921,SAVE20,Hamilton,0.2,647383.3300000001,517906.6640000001,4577,Tanzania,TZ
2013-01-06,CUST0066,Office Supplies,651.21,3636,SAVE15,Waterloo,0.15,2367799.56,2012629.626,4743,Romania,RO
2012-03-17,CUST0067,Cereal,205.7,8590,SAVE10,Toronto,0.1,1766963.0,1590266.7,5038,Mali,ML
2014-04-18,CUST0068,Office Supplies,651.21,2163,SAVE15,Ottawa,0.15,1408567.23,1197282.1454999999,4276,Central African Republic,CF
2016-01-03,CUST0069,Baby Food,255.28,5766,NONE,Ottawa,0.0,1471944.48,1471944.48,3651,Niger,NE
2011-05-12,CUST0070,Office Supplies,651.21,7841,SAVE10,Toronto,0.1,5106137.61,4595523.849,5348,Austria,AT
2010-07-29,CUST0071,Fruits,9.33,8862,NONE,Ottawa,0.0,82682.46,82682.46,5635,India,IN
2013-08-02,CUST0072,Baby Food,255.28,6335,SAVE15,Waterloo,0.15,1617198.8,1374618.98,4535,Luxembourg,LU
2013-10-23,CUST0073,Beverages,47.45,9794,SAVE20,Ottawa,0.2,464725.30000000005,371780.24000000005,4453,Cape Verde,CV
2017-02-05,CUST0074,Vegetables,154.06,5808,SAVE15,Kitchener,0.15,894780.48,760563.4079999999,3252,Sweden,SE
2015-03-20,CUST0075,Meat,421.89,2975,NONE,Ottawa,0.0,1255122.75,1255122.75,3940,Iceland,IS
2012-05-06,CUST0076,Personal Care,81.73,6925,SAVE10,Kitchener,0.1,565980.25,509382.22500000003,4988,Qatar,QA
2013-09-30,CUST0077,Meat,421.89,5319,SAVE15,Hamilton,0.15,2244032.91,1907427.9735,4476,South Sudan,SS
2014-05-20,CUST0078,Office Supplies,651.21,2850,SAVE10,Waterloo,0.1,1855948.5,1670353.6500000001,4244,United Kingdom,GB
2010-04-09,CUST0079,Cereal,205.7,6241,SAVE20,Hamilton,0.2,1283773.7,1027018.96,5746,Tunisia,TN
2017-06-09,CUST0080,Office Supplies,651.21,9247,SAVE20,Hamilton,0.2,6021738.87,4817391.096,3128,United States of America,US
2015-02-08,CUST0081,Cereal,205.7,7653,SAVE20,Ottawa,0.2,1574222.0999999999,1259377.68,3980,Liberia,LR
2010-01-25,CUST0082,Snacks,152.58,4279,SAVE10,Ottawa,0.1,652889.8200000001,587600.8380000001,5820,Eritrea,ER
2010-03-07,CUST0083,Fruits,9.33,3972,SAVE15,Ottawa,0.15,37058.76,31499.946,5779,South Korea,KR
2013-01-03,CUST0084,Clothes,109.28,8611,SAVE10,Hamilton,0.1,941010.08,846909.0719999999,4746,Kenya,KE
2017-03-06,CUST0085,Snacks,152.58,2109,SAVE10,Waterloo,0.1,321791.22000000003,289612.09800000006,3223,Rwanda,RW
2011-01-09,CUST0086,Beverages,47.45,5408,SAVE15,Waterloo,0.15,256609.6,218118.16,5471,Cuba,CU
2014-03-27,CUST0087,Cereal,205.7,1480,SAVE20,Kitchener,0.2,304436.0,243548.80000000002,4298,Libya,LY
2013-06-28,CUST0088,Snacks,152.58,332,SAVE20,Toronto,0.2,50656.560000000005,40525.24800000001,4570,Czech Republic,CZ
2011-09-04,CUST0089,Beverages,47.45,3999,SAVE15,Waterloo,0.15,189752.55000000002,161289.6675,5233,Montenegro,ME
2016-07-14,CUST0090,Clothes,109.28,1549,SAVE10,Ottawa,0.1,169274.72,152347.248,3458,Montenegro,ME
2014-02-23,CUST0091,Baby Food,255.28,4079,SAVE10,Kitchener,0.1,1041287.12,937158.408,4330,Philippines,PH
2010-08-07,CUST0092,Clothes,109.28,9721,SAVE20,Ottawa,0.2,1062310.8800000001,849848.7040000001,5626,El Salvador,SV
2013-01-14,CUST0093,Household,668.27,8635,NONE,Hamilton,0.0,5770511.45,5770511.45,4735,Tonga,TO
2010-09-30,CUST0094,Personal Care,81.73,8014,NONE,Hamilton,0.0,654984.2200000001,654984.2200000001,5572,Democratic Republic of the Congo,CD
2016-10-13,CUST0095,Cereal,205.7,7081,NONE,Ottawa,0.0,1456561.7,1456561.7,3367,Afghanistan,AF
2011-03-16,CUST0096,Snacks,152.58,2091,SAVE10,Waterloo,0.1,319044.78,287140.302,5405,Tuvalu,TV
2012-12-26,CUST0097,Fruits,9.33,1331,SAVE10,Toronto,0.1,12418.23,11176.407,4754,Sudan,SD
2015-09-02,CUST0098,Clothes,109.28,117,SAVE20,Ottawa,0.2,12785.76,10228.608,3774,Niger,NE
2013-11-11,CUST0099,Household,668.27,5798,NONE,Waterloo,0.0,3874629.46,3874629.46,4434,Gabon,GA
2014-08-04,CUST0100,Vegetables,154.06,2755,SAVE20,Kitchener,0.2,424435.3,339548.24,4168,East Timor,TL
2010-10-21,CUST0101,Clothes,109.28,7398,SAVE20,Ottawa,0.2,808453.4400000001,646762.7520000001,5551,United States of America,US
2015-06-13,CUST0102,Vegetables,154.06,3170,SAVE20,Kitchener,0.2,488370.2,390696.16000000003,3855,Jordan,JO
2012-03-29,CUST0103,Snacks,152.58,5544,SAVE15,Waterloo,0.15,845903.52,719017.992,5026,Cyprus,CY
2012-06-22,CUST0104,Vegetables,154.06,7025,NONE,Waterloo,0.0,1082271.5,1082271.5,4941,Malawi,MW
2013-05-10,CUST0105,Personal Care,81.73,2149,NONE,Waterloo,0.0,175637.77000000002,175637.77000000002,4619,Iceland,IS
2016-12-10,CUST0106,Personal Care,81.73,2484,SAVE15,Waterloo,0.15,203017.32,172564.722,3309,Israel,IL
2011-03-20,CUST0107,Snacks,152.58,1629,SAVE15,Hamilton,0.15,248552.82,211269.897,5401,United Arab Emirates,AE
2011-09-22,CUST0108,Cosmetics,437.2,213,NONE,Waterloo,0.0,93123.59999999999,93123.59999999999,5215,China,CN
2012-05-11,CUST0109,Beverages,47.45,897,SAVE15,Hamilton,0.15,42562.65,36178.2525,4983,Kenya,KE
2011-11-15,CUST0110,Clothes,109.28,3374,SAVE20,Toronto,0.2,368710.72000000003,294968.57600000006,5161,Somalia,SO
2010-01-27,CUST0111,Beverages,47.45,9367,SAVE10,Hamilton,0.1,444464.15,400017.73500000004,5818,Tonga,TO
2011-08-17,CUST0112,Baby Food,255.28,7632,SAVE20,Kitchener,0.2,1948296.96,1558637.568,5251,Bangladesh,BD
2014-09-06,CUST0113,Beverages,47.45,8954,NONE,Toronto,0.0,424867.30000000005,424867.30000000005,4135,Egypt,EG
2014-09-03,CUST0114,Cereal,205.7,1150,SAVE15,Kitchener,0.15,236555.0,201071.75,4138,Eritrea,ER
2015-09-05,CUST0115,Office Supplies,651.21,4071,SAVE10,Ottawa,0.1,2651075.91,2385968.319,3771,Swaziland,SZ
2011-06-20,CUST0116,Baby Food,255.28,4594,NONE,Ottawa,0.0,1172756.32,1172756.32,5309,Vietnam,VN
2012-01-12,CUST0117,Snacks,152.58,1632,SAVE15,Hamilton,0.15,249010.56000000003,211658.97600000002,5103,Marshall Islands,MH
2017-01-23,CUST0118,Household,668.27,1127,SAVE10,Kitchener,0.1,753140.29,677826.261,3265,Taiwan,TW
2012-03-04,CUST0119,Vegetables,154.06,1052,SAVE10,Ottawa,0.1,162071.12,145864.008,5051,Ireland,IE
2010-07-18,CUST0120,Meat,421.89,6413,SAVE15,Ottawa,0.15,2705580.57,2299743.4845,5646,Rwanda,RW
2011-04-12,CUST0121,Snacks,152.58,4245,SAVE10,Ottawa,0.1,647702.1000000001,582931.8900000001,5378,Sweden,SE
2010-10-03,CUST0122,Snacks,152.58,8615,NONE,Toronto,0.0,1314476.7000000002,1314476.7000000002,5569,Gabon,GA
2013-12-29,CUST0123,Baby Food,255.28,5624,SAVE15,Toronto,0.15,1435694.72,1220340.5119999999,4386,South Africa,ZA
2015-09-19,CUST0124,Clothes,109.28,8399,SAVE20,Waterloo,0.2,917842.72,734274.176,3757,United Kingdom,GB
2011-09-17,CUST0125,Fruits,9.33,2104,NONE,Kitchener,0.0,19630.32,19630.32,5220,Albania,AL
2010-03-11,CUST0126,Snacks,152.58,8929,NONE,Ottawa,0.0,1362386.82,1362386.82,5775,Malaysia,MY
2012-11-10,CUST0127,Household,668.27,3098,SAVE15,Kitchener,0.15,2070300.46,1759755.3909999998,4800,Ghana,GH
2011-02-16,CUST0128,Clothes,109.28,5867,SAVE15,Waterloo,0.15,641145.76,544973.896,5433,Cuba,CU
2012-08-13,CUST0129,Cosmetics,437.2,522,SAVE10,Hamilton,0.1,228218.4,205396.56,4889,Saint Lucia,LC
2014-08-28,CUST0130,Snacks,152.58,7379,NONE,Waterloo,0.0,1125887.82,1125887.82,4144,Romania,RO
2015-08-19,CUST0131,Office Supplies,651.21,8788,SAVE10,Ottawa,0.1,5722833.48,5150550.132,3788,Portugal,PT
2011-03-20,CUST0132,Beverages,47.45,4129,NONE,Hamilton,0.0,195921.05000000002,195921.05000000002,5401,Macedonia,MK
2013-04-16,CUST0133,Beverages,47.45,4811,NONE,Hamilton,0.0,228281.95,228281.95,4643,China,CN
2015-11-13,CUST0134,Baby Food,255.28,9279,SAVE20,Waterloo,0.2,2368743.12,1894994.4960000003,3702,Germany,DE
2014-01-10,CUST0135,Household,668.27,8006,NONE,Ottawa,0.0,5350169.62,5350169.62,4374,Ireland,IE
2015-04-09,CUST0136,Office Supplies,651.21,8496,SAVE10,Hamilton,0.1,5532680.16,4979412.144,3920,Poland,PL
2013-01-07,CUST0137,Household,668.27,285,SAVE10,Waterloo,0.1,190456.94999999998,171411.25499999998,4742,Namibia,NA
2013-02-12,CUST0138,Personal Care,81.73,9942,SAVE20,Waterloo,0.2,812559.66,650047.7280000001,4706,Uzbekistan,UZ
2014-11-28,CUST0139,Meat,421.89,6064,SAVE10,Ottawa,0.1,2558340.96,2302506.864,4052,Zimbabwe,ZW
2015-01-03,CUST0140,Meat,421.89,4281,SAVE15,Waterloo,0.15,1806111.0899999999,1535194.4264999998,4016,Mongolia,MN
2011-02-03,CUST0141,Personal Care,81.73,2256,SAVE20,Waterloo,0.2,184382.88,147506.304,5446,Norway,NO
2013-04-09,CUST0142,Snacks,152.58,4679,SAVE10,Waterloo,0.1,713921.8200000001,642529.638,4650,Oman,OM
2017-07-26,CUST0143,Cosmetics,437.2,8275,SAVE10,Kitchener,0.1,3617830.0,3256047.0,3081,Serbia,RS
2017-04-15,CUST0144,Fruits,9.33,6798,SAVE15,Toronto,0.15,63425.340000000004,53911.539000000004,3183,Democratic Republic of the Congo,CD
2014-05-16,CUST0145,Baby Food,255.28,6035,SAVE20,Kitchener,0.2,1540614.8,1232491.84,4248,Bulgaria,BG
2015-08-12,CUST0146,Baby Food,255.28,8803,SAVE15,Waterloo,0.15,2247229.84,1910145.3639999998,3795,Brunei,BN
2013-09-20,CUST0147,Snacks,152.58,9951,SAVE20,Toronto,0.2,1518323.58,1214658.864,4486,Serbia,RS
2013-10-31,CUST0148,Cereal,205.7,1358,SAVE20,Hamilton,0.2,279340.6,223472.47999999998,4445,Ghana,GH
2014-07-30,CUST0149,Cereal,205.7,6936,NONE,Kitchener,0.0,1426735.2,1426735.2,4173,Malawi,MW
2011-11-12,CUST0150,Fruits,9.33,7627,SAVE10,Kitchener,0.1,71159.91,64043.919,5164,Zimbabwe,ZW
2010-03-25,CUST0151,Snacks,152.58,6405,SAVE10,Kitchener,0.1,977274.9,879547.41,5761,Cyprus,CY
2011-07-04,CUST0152,Cereal,205.7,3274,NONE,Ottawa,0.0,673461.7999999999,673461.7999999999,5295,Nicaragua,NI
2011-01-01,CUST0153,Baby Food,255.28,271,SAVE15,Waterloo,0.15,69180.88,58803.748,5479,Estonia,EE
2016-06-16,CUST0154,Clothes,109.28,6463,NONE,Hamilton,0.0,706276.64,706276.64,3486,Estonia,EE
2013-12-17,CUST0155,Fruits,9.33,2949,SAVE10,Hamilton,0.1,27514.170000000002,24762.753,4398,Lithuania,LT
2017-03-01,CUST0156,Meat,421.89,7859,SAVE10,Hamilton,0.1,3315633.51,2984070.159,3228,Republic of the Congo,CG
2010-07-02,CUST0157,Baby Food,255.28,1353,NONE,Waterloo,0.0,345393.84,345393.84,5662,Czech Republic,CZ
2013-07-16,CUST0158,Snacks,152.58,624,NONE,Toronto,0.0,95209.92000000001,95209.92000000001,4552,Cameroon,CM
2016-08-16,CUST0159,Office Supplies,651.21,4897,NONE,Kitchener,0.0,3188975.37,3188975.37,3425,Vietnam,VN
2014-12-16,CUST0160,Meat,421.89,424,SAVE10,Waterloo,0.1,178881.36,160993.224,4034,Moldova,MD
2012-05-14,CUST0161,Office Supplies,651.21,5494,NONE,Kitchener,0.0,3577747.74,3577747.74,4980,Bahrain,BH
2017-07-18,CUST0162,Household,668.27,5423,NONE,Waterloo,0.0,3624028.21,3624028.21,3089,Hungary,HU
2017-07-09,CUST0163,Personal Care,81.73,7559,SAVE15,Kitchener,0.15,617797.0700000001,525127.5095,3098,Marshall Islands,MH
2011-09-30,CUST0164,Office Supplies,651.21,6283,NONE,Waterloo,0.0,4091552.43,4091552.43,5207,Iraq,IQ
2015-11-24,CUST0165,Vegetables,154.06,8006,SAVE10,Toronto,0.1,1233404.36,1110063.924,3691,Albania,AL
2012-08-14,CUST0166,Office Supplies,651.21,6170,SAVE15,Hamilton,0.15,4017965.7,3415270.845,4888,Lesotho,LS
2015-12-06,CUST0167,Clothes,109.28,6249,SAVE20,Kitchener,0.2,682890.72,546312.576,3679,Lebanon,LB
2014-05-25,CUST0168,Vegetables,154.06,748,SAVE10,Waterloo,0.1,115236.88,103713.19200000001,4239,Hungary,HU
2012-10-18,CUST0169,Beverages,47.45,4203,SAVE10,Toronto,0.1,199432.35,179489.11500000002,4823,Japan,JP
2013-03-13,CUST0170,Office Supplies,651.21,8180,SAVE20,Toronto,0.2,5326897.800000001,4261518.240000001,4677,Georgia,GE
2011-02-23,CUST0171,Office Supplies,651.21,6280,SAVE10,Hamilton,0.1,4089598.8000000003,3680638.9200000004,5426,Estonia,EE
2014-08-15,CUST0172,Household,668.27,9131,SAVE20,Waterloo,0.2,6101973.37,4881578.696,4157,Luxembourg,LU
2017-07-06,CUST0173,Personal Care,81.73,9396,SAVE20,Kitchener,0.2,767935.0800000001,614348.0640000001,3101,Swaziland,SZ
2010-12-31,CUST0174,Clothes,109.28,6765,SAVE10,Ottawa,0.1,739279.2,665351.28,5480,Romania,RO
2010-01-13,CUST0175,Personal Care,81.73,2964,NONE,Toronto,0.0,242247.72,242247.72,5832,Ethiopia,ET
2011-09-17,CUST0176,Office Supplies,651.21,6746,NONE,Toronto,0.0,4393062.66,4393062.66,5220,Chad,TD
2014-03-08,CUST0177,Office Supplies,651.21,8898,SAVE20,Hamilton,0.2,5794466.58,4635573.264,4317,Morocco,MA
2012-11-18,CUST0178,Clothes,109.28,7237,SAVE15,Waterloo,0.15,790859.36,672230.456,4792,Mexico,MX
2011-11-18,CUST0179,Personal Care,81.73,1612,SAVE20,Ottawa,0.2,131748.76,105399.00800000002,5158,Nigeria,NG
2012-07-12,CUST0180,Beverages,47.45,8904,SAVE20,Ottawa,0.2,422494.80000000005,337995.8400000001,4921,Trinidad and Tobago,TT
2017-03-30,CUST0181,Personal Care,81.73,8022,SAVE20,Ottawa,0.2,655638.06,524510.4480000001,3199,Moldova,MD
2010-07-26,CUST0182,Personal Care,81.73,4909,NONE,Waterloo,0.0,401212.57,401212.57,5638,Solomon Islands,SB
2015-12-24,CUST0183,Personal Care,81.73,7539,NONE,Kitchener,0.0,616162.47,616162.47,3661,India,IN
2016-05-15,CUST0184,Office Supplies,651.21,917,NONE,Toronto,0.0,597159.5700000001,597159.5700000001,3518,Burkina Faso,BF
2010-11-03,CUST0185,Meat,421.89,2079,SAVE20,Waterloo,0.2,877109.3099999999,701687.448,5538,Kiribati,KI
2010-12-01,CUST0186,Meat,421.89,5093,SAVE15,Ottawa,0.15,2148685.77,1826382.9045,5510,Israel,IL
2014-01-16,CUST0187,Snacks,152.58,6056,NONE,Toronto,0.0,924024.4800000001,924024.4800000001,4368,Comoros,KM
2014-12-11,CUST0188,Baby Food,255.28,8099,SAVE10,Toronto,0.1,2067512.72,1860761.448,4039,Iran,IR
2016-12-24,CUST0189,Cosmetics,437.2,6384,SAVE10,Ottawa,0.1,2791084.8,2511976.32,3295,Vietnam,VN
2013-03-21,CUST0190,Household,668.27,3101,SAVE10,Ottawa,0.1,2072305.27,1865074.743,4669,Belize,BZ
2012-12-08,CUST0191,Personal Care,81.73,2476,SAVE20,Toronto,0.2,202363.48,161890.784,4772,Belarus,BY
2015-02-13,CUST0192,Baby Food,255.28,5763,SAVE10,Hamilton,0.1,1471178.64,1324060.7759999998,3975,United States of America,US
2012-03-28,CUST0193,Beverages,47.45,6247,SAVE20,Toronto,0.2,296420.15,237136.12000000002,5027,Poland,PL
2016-10-07,CUST0194,Vegetables,154.06,4247,SAVE10,Kitchener,0.1,654292.8200000001,588863.5380000001,3373,Canada,CA
2011-12-15,CUST0195,Beverages,47.45,2111,SAVE15,Kitchener,0.15,100166.95000000001,85141.9075,5131,Israel,IL
2016-03-08,CUST0196,Household,668.27,9219,SAVE20,Hamilton,0.2,6160781.13,4928624.904,3586,Lebanon,LB
2011-01-18,CUST0197,Baby Food,255.28,6982,SAVE10,Waterloo,0.1,1782364.96,1604128.464,5462,Andorra,AD
2013-04-11,CUST0198,Clothes,109.28,3843,NONE,Toronto,0.0,419963.04,419963.04,4648,Slovakia,SK
2010-05-18,CUST0199,Fruits,9.33,274,SAVE20,Kitchener,0.2,2556.42,2045.1360000000002,5707,Liberia,LR
2017-06-05,CUST0200,Cereal,205.7,3782,NONE,Toronto,0.0,777957.3999999999,777957.3999999999,3132,Antigua and Barbuda,AG
2012-09-11,CUST0201,Personal Care,81.73,3901,NONE,Hamilton,0.0,318828.73000000004,318828.73000000004,4860,China,CN
2017-03-08,CUST0202,Baby Food,255.28,7200,NONE,Ottawa,0.0,1838016.0,1838016.0,3221,Niger,NE
2015-01-28,CUST0203,Household,668.27,2278,NONE,Hamilton,0.0,1522319.06,1522319.06,3991,United Kingdom,GB
2010-07-26,CUST0204,Personal Care,81.73,4763,SAVE10,Hamilton,0.1,389279.99,350351.991,5638,Bangladesh,BD
2016-06-24,CUST0205,Snacks,152.58,2317,SAVE10,Hamilton,0.1,353527.86000000004,318175.074,3478,Myanmar,MM
2012-08-18,CUST0206,Meat,421.89,9633,SAVE20,Kitchener,0.2,4064066.3699999996,3251253.096,4884,Tonga,TO
2010-03-11,CUST0207,Vegetables,154.06,3434,SAVE20,Hamilton,0.2,529042.04,423233.63200000004,5775,Guinea-Bissau,GW
2010-01-14,CUST0208,Vegetables,154.06,7475,SAVE20,Ottawa,0.2,1151598.5,921278.8,5831,Nauru,NR
2014-02-10,CUST0209,Cereal,205.7,7542,SAVE10,Ottawa,0.1,1551389.4,1396250.46,4343,Swaziland,SZ
2014-01-21,CUST0210,Vegetables,154.06,6452,SAVE20,Ottawa,0.2,993995.12,795196.096,4363,Finland,FI
2010-02-28,CUST0211,Household,668.27,9055,NONE,Waterloo,0.0,6051184.85,6051184.85,5786,Papua New Guinea,PG
2015-02-18,CUST0212,Personal Care,81.73,7230,SAVE10,Hamilton,0.1,590907.9,531817.11,3970,Mauritius,MU
2012-06-14,CUST0213,Office Supplies,651.21,4888,SAVE20,Ottawa,0.2,3183114.48,2546491.5840000003,4949,Mozambique,MZ
2013-03-05,CUST0214,Clothes,109.28,2972,NONE,Waterloo,0.0,324780.16,324780.16,4685,Bulgaria,BG
2014-04-10,CUST0215,Household,668.27,4455,SAVE20,Hamilton,0.2,2977142.85,2381714.2800000003,4284,Spain,ES
2017-07-26,CUST0216,Meat,421.89,9341,SAVE15,Hamilton,0.15,3940874.4899999998,3349743.3164999997,3081,Vanuatu,VU
2010-10-19,CUST0217,Fruits,9.33,9669,SAVE20,Toronto,0.2,90211.77,72169.41600000001,5553,Belgium,BE
2016-11-08,CUST0218,Baby Food,255.28,4503,SAVE15,Hamilton,0.15,1149525.84,977096.964,3341,Belgium,BE
2014-03-31,CUST0219,Clothes,109.28,4944,SAVE20,Toronto,0.2,540280.32,432224.256,4294,Guinea-Bissau,GW
2016-08-18,CUST0220,Vegetables,154.06,9121,SAVE20,Kitchener,0.2,1405181.26,1124145.0080000001,3423,Togo,TG
2016-01-03,CUST0221,Personal Care,81.73,7196,SAVE10,Kitchener,0.1,588129.0800000001,529316.1720000001,3651,Cote d'Ivoire,CI
2016-10-21,CUST0222,Fruits,9.33,6360,SAVE10,Waterloo,0.1,59338.8,53404.920000000006,3359,Republic of the Congo,CG
2016-12-10,CUST0223,Baby Food,255.28,5837,SAVE15,Toronto,0.15,1490069.36,1266558.956,3309,Libya,LY
2011-08-12,CUST0224,Vegetables,154.06,1882,SAVE10,Kitchener,0.1,289940.92,260946.82799999998,5256,East Timor,TL
2012-03-23,CUST0225,Clothes,109.28,2782,NONE,Kitchener,0.0,304016.96,304016.96,5032,Switzerland,CH
2012-04-27,CUST0226,Snacks,152.58,3853,NONE,Kitchener,0.0,587890.74,587890.74,4997,Palau,PW
2014-01-29,CUST0227,Household,668.27,2445,SAVE15,Hamilton,0.15,1633920.15,1388832.1275,4355,Jordan,JO
2016-12-13,CUST0228,Household,668.27,2936,NONE,Toronto,0.0,1962040.72,1962040.72,3306,Slovenia,SI
2013-11-21,CUST0229,Baby Food,255.28,1739,NONE,Kitchener,0.0,443931.92,443931.92,4424,South Korea,KR
2010-04-07,CUST0230,Clothes,109.28,2296,SAVE20,Toronto,0.2,250906.88,200725.50400000002,5748,Norway,NO
2012-07-08,CUST0231,Baby Food,255.28,80,SAVE10,Ottawa,0.1,20422.4,18380.160000000003,4925,Afghanistan,AF
2016-10-15,CUST0232,Personal Care,81.73,7597,NONE,Ottawa,0.0,620902.81,620902.81,3365,Bangladesh,BD
2012-09-18,CUST0233,Meat,421.89,9381,NONE,Hamilton,0.0,3957750.09,3957750.09,4853,Guinea,GN
2017-07-02,CUST0234,Office Supplies,651.21,7002,SAVE10,Ottawa,0.1,4559772.42,4103795.178,3105,Cuba,CU
2011-07-21,CUST0235,Cosmetics,437.2,4056,NONE,Waterloo,0.0,1773283.2,1773283.2,5278,Russia,RU
2010-06-01,CUST0236,Vegetables,154.06,1175,NONE,Toronto,0.0,181020.5,181020.5,5693,Seychelles,SC
2015-07-26,CUST0237,Office Supplies,651.21,1020,SAVE10,Kitchener,0.1,664234.2000000001,597810.78,3812,South Korea,KR
2010-08-06,CUST0238,Baby Food,255.28,3282,SAVE20,Waterloo,0.2,837828.96,670263.1680000001,5627,Ghana,GH
2010-06-20,CUST0239,Office Supplies,651.21,9685,NONE,Waterloo,0.0,6306968.850000001,6306968.850000001,5674,Costa Rica,CR
2012-04-08,CUST0240,Cereal,205.7,8985,SAVE10,Ottawa,0.1,1848214.5,1663393.05,5016,Romania,RO
2014-02-27,CUST0241,Cereal,205.7,1967,NONE,Toronto,0.0,404611.89999999997,404611.89999999997,4326,Czech Republic,CZ
2011-07-25,CUST0242,Household,668.27,6449,NONE,Kitchener,0.0,4309673.2299999995,4309673.2299999995,5274,Liechtenstein,LI
2016-02-18,CUST0243,Baby Food,255.28,2279,SAVE20,Waterloo,0.2,581783.12,465426.49600000004,3605,Seychelles,SC
2014-01-24,CUST0244,Baby Food,255.28,6338,SAVE15,Hamilton,0.15,1617964.64,1375269.944,4360,Somalia,SO
2015-05-10,CUST0245,Personal Care,81.73,7536,SAVE15,Kitchener,0.15,615917.28,523529.688,3889,Solomon Islands,SB
2012-02-13,CUST0246,Clothes,109.28,1816,SAVE10,Ottawa,0.1,198452.48,178607.23200000002,5071,Uganda,UG
2012-09-07,CUST0247,Cereal,205.7,7151,SAVE15,Toronto,0.15,1470960.7,1250316.595,4864,Equatorial Guinea,GQ
2015-02-04,CUST0248,Office Supplies,651.21,8547,SAVE10,Hamilton,0.1,5565891.87,5009302.683,3984,Costa Rica,CR
2010-11-16,CUST0249,Fruits,9.33,3039,SAVE15,Kitchener,0.15,28353.87,24100.7895,5525,Moldova,MD
2011-07-20,CUST0250,Vegetables,154.06,4695,SAVE20,Kitchener,0.2,723311.7,578649.36,5279,Burkina Faso,BF
2014-07-26,CUST0251,Beverages,47.45,9614,SAVE10,Waterloo,0.1,456184.30000000005,410565.87000000005,4177,Guatemala,GT
2014-08-24,CUST0252,Meat,421.89,924,SAVE15,Kitchener,0.15,389826.36,331352.40599999996,4148,Swaziland,SZ
2015-02-25,CUST0253,Vegetables,154.06,3789,SAVE20,Toronto,0.2,583733.34,466986.672,3963,Maldives,MV
2016-09-21,CUST0254,Household,668.27,399,SAVE15,Toronto,0.15,266639.73,226643.77049999998,3389,Thailand,TH
2013-06-28,CUST0255,Household,668.27,4979,NONE,Kitchener,0.0,3327316.33,3327316.33,4570,Sudan,SD
2012-01-05,CUST0256,Meat,421.89,8783,NONE,Waterloo,0.0,3705459.87,3705459.87,5110,Costa Rica,CR
2012-05-01,CUST0257,Beverages,47.45,5098,SAVE20,Hamilton,0.2,241900.1,193520.08000000002,4993,Denmark,DK
2011-10-13,CUST0258,Cereal,205.7,4240,NONE,Hamilton,0.0,872168.0,872168.0,5194,Angola,AO
2016-04-27,CUST0259,Household,668.27,8559,NONE,Waterloo,0.0,5719722.93,5719722.93,3536,Papua New Guinea,PG
2014-01-19,CUST0260,Meat,421.89,7435,SAVE10,Ottawa,0.1,3136752.15,2823076.935,4365,North Korea,KP
2016-11-06,CUST0261,Fruits,9.33,2278,SAVE15,Toronto,0.15,21253.74,18065.679,3343,El Salvador,SV
2011-02-28,CUST0262,Household,668.27,1531,SAVE10,Ottawa,0.1,1023121.37,920809.233,5421,Burkina Faso,BF
2014-10-11,CUST0263,Baby Food,255.28,5668,SAVE15,Waterloo,0.15,1446927.04,1229887.984,4100,Yemen,YE
2012-06-25,CUST0264,Beverages,47.45,2193,NONE,Ottawa,0.0,104057.85,104057.85,4938,Republic of the Congo,CG
2012-11-06,CUST0265,Household,668.27,642,SAVE10,Waterloo,0.1,429029.33999999997,386126.40599999996,4804,Andorra,AD
2014-02-24,CUST0266,Household,668.27,7584,SAVE15,Hamilton,0.15,5068159.68,4307935.727999999,4329,Dominican Republic,DO
2015-09-19,CUST0267,Baby Food,255.28,1616,SAVE15,Hamilton,0.15,412532.48,350652.60799999995,3757,Israel,IL
2014-03-04,CUST0268,Snacks,152.58,8369,SAVE10,Ottawa,0.1,1276942.02,1149247.818,4321,Solomon Islands,SB
2014-10-08,CUST0269,Fruits,9.33,5503,SAVE20,Ottawa,0.2,51342.99,41074.392,4103,Liberia,LR
2012-06-19,CUST0270,Vegetables,154.06,7712,SAVE15,Toronto,0.15,1188110.72,1009894.112,4944,Mali,ML
2010-11-11,CUST0271,Clothes,109.28,1718,NONE,Hamilton,0.0,187743.04,187743.04,5530,Uzbekistan,UZ
2010-11-01,CUST0272,Personal Care,81.73,1276,SAVE15,Toronto,0.15,104287.48000000001,88644.35800000001,5540,Tunisia,TN
2014-04-28,CUST0273,Vegetables,154.06,2173,NONE,Ottawa,0.0,334772.38,334772.38,4266,Vatican City,VA
2012-12-22,CUST0274,Snacks,152.58,7227,SAVE10,Waterloo,0.1,1102695.6600000001,992426.0940000002,4758,Djibouti,DJ
2014-08-25,CUST0275,Household,668.27,1285,SAVE15,Hamilton,0.15,858726.95,729917.9075,4147,Ukraine,UA
2016-11-26,CUST0276,Fruits,9.33,6227,NONE,Waterloo,0.0,58097.91,58097.91,3323,East Timor,TL
2010-10-20,CUST0277,Cereal,205.7,5965,NONE,Toronto,0.0,1227000.5,1227000.5,5552,Uganda,UG
2014-12-18,CUST0278,Meat,421.89,1441,SAVE10,Toronto,0.1,607943.49,547149.1410000001,4032,Guinea,GN
2011-03-20,CUST0279,Clothes,109.28,5629,SAVE15,Kitchener,0.15,615137.12,522866.55199999997,5401,Equatorial Guinea,GQ
2016-07-12,CUST0280,Cosmetics,437.2,8534,SAVE15,Hamilton,0.15,3731064.8,3171405.0799999996,3460,Malta,MT
2011-01-26,CUST0281,Household,668.27,2191,SAVE10,Hamilton,0.1,1464179.57,1317761.6130000001,5454,Cyprus,CY
2010-02-24,CUST0282,Office Supplies,651.21,5668,SAVE15,Toronto,0.15,3691058.2800000003,3137399.538,5790,Czech Republic,CZ
2015-01-02,CUST0283,Vegetables,154.06,64,SAVE10,Waterloo,0.1,9859.84,8873.856,4017,Libya,LY
2016-07-26,CUST0284,Office Supplies,651.21,3509,SAVE15,Hamilton,0.15,2285095.89,1942331.5065000001,3446,Vietnam,VN
2014-06-01,CUST0285,Vegetables,154.06,6163,SAVE20,Toronto,0.2,949471.78,759577.4240000001,4232,Jordan,JO
2012-12-21,CUST0286,Beverages,47.45,5220,SAVE15,Kitchener,0.15,247689.00000000003,210535.65000000002,4759,Mali,ML
2010-02-27,CUST0287,Household,668.27,9902,NONE,Ottawa,0.0,6617209.54,6617209.54,5787,Czech Republic,CZ
2016-04-24,CUST0288,Vegetables,154.06,6465,NONE,Hamilton,0.0,995997.9,995997.9,3539,Slovakia,SK
2012-07-22,CUST0289,Vegetables,154.06,3195,SAVE20,Ottawa,0.2,492221.7,393777.36000000004,4911,Zimbabwe,ZW
2015-02-22,CUST0290,Cereal,205.7,5409,SAVE15,Waterloo,0.15,1112631.3,945736.605,3966,Honduras,HN
2011-02-10,CUST0291,Beverages,47.45,455,NONE,Kitchener,0.0,21589.75,21589.75,5439,Switzerland,CH
2015-01-21,CUST0292,Cosmetics,437.2,2715,NONE,Hamilton,0.0,1186998.0,1186998.0,3998,South Africa,ZA
2012-05-10,CUST0293,Beverages,47.45,8598,SAVE15,Ottawa,0.15,407975.10000000003,346778.835,4984,Uganda,UG
2015-12-16,CUST0294,Vegetables,154.06,1547,SAVE10,Ottawa,0.1,238330.82,214497.738,3669,Iran,IR
2017-02-25,CUST0295,Vegetables,154.06,7036,SAVE15,Toronto,0.15,1083966.16,921371.2359999999,3232,Algeria,DZ
2012-01-31,CUST0296,Baby Food,255.28,7570,SAVE10,Ottawa,0.1,1932469.6,1739222.6400000001,5084,Central African Republic,CF
2013-02-07,CUST0297,Cosmetics,437.2,7685,SAVE20,Waterloo,0.2,3359882.0,2687905.6,4711,The Bahamas,BS
2014-09-14,CUST0298,Household,668.27,8948,SAVE20,Ottawa,0.2,5979679.96,4783743.968,4127,South Africa,ZA
2012-06-05,CUST0299,Cereal,205.7,4957,NONE,Waterloo,0.0,1019654.8999999999,1019654.8999999999,4958,Benin,BJ
2014-04-05,CUST0300,Cosmetics,437.2,6344,NONE,Waterloo,0.0,2773596.8,2773596.8,4289,Hungary,HU
2014-02-02,CUST0301,Office Supplies,651.21,5768,NONE,Toronto,0.0,3756179.2800000003,3756179.2800000003,4351,Austria,AT
2010-09-01,CUST0302,Office Supplies,651.21,2923,SAVE10,Kitchener,0.1,1903486.83,1713138.147,5601,Tajikistan,TJ
2011-05-17,CUST0303,Office Supplies,651.21,9532,NONE,Waterloo,0.0,6207333.720000001,6207333.720000001,5343,Portugal,PT
2013-04-21,CUST0304,Beverages,47.45,4349,SAVE15,Ottawa,0.15,206360.05000000002,175406.0425,4638,Belgium,BE
2014-08-10,CUST0305,Beverages,47.45,8161,SAVE10,Ottawa,0.1,387239.45,348515.505,4162,Slovenia,SI
2010-09-19,CUST0306,Snacks,152.58,8786,SAVE20,Waterloo,0.2,1340567.8800000001,1072454.3040000002,5583,Czech Republic,CZ
2013-04-13,CUST0307,Personal Care,81.73,6071,SAVE10,Ottawa,0.1,496182.83,446564.547,4646,Marshall Islands,MH
2016-01-28,CUST0308,Fruits,9.33,6897,NONE,Hamilton,0.0,64349.01,64349.01,3626,Sudan,SD
2013-12-09,CUST0309,Clothes,109.28,175,SAVE15,Toronto,0.15,19124.0,16255.4,4406,Dominican Republic,DO
2014-02-21,CUST0310,Cereal,205.7,1848,SAVE15,Ottawa,0.15,380133.6,323113.56,4332,Tanzania,TZ
2017-06-09,CUST0311,Clothes,109.28,9888,NONE,Toronto,0.0,1080560.64,1080560.64,3128,Switzerland,CH
2014-04-17,CUST0312,Household,668.27,9302,SAVE15,Waterloo,0.15,6216247.54,5283810.409,4277,Greenland,GL
2011-05-20,CUST0313,Fruits,9.33,7124,SAVE10,Waterloo,0.1,66466.92,59820.228,5340,Tonga,TO
2012-08-28,CUST0314,Vegetables,154.06,7422,SAVE10,Waterloo,0.1,1143433.32,1029089.9880000001,4874,Saudi Arabia,SA
2015-07-25,CUST0315,Cosmetics,437.2,6296,NONE,Toronto,0.0,2752611.1999999997,2752611.1999999997,3813,Belize,BZ
2014-10-27,CUST0316,Cosmetics,437.2,6874,SAVE15,Ottawa,0.15,3005312.8,2554515.88,4084,Angola,AO
2013-10-18,CUST0317,Household,668.27,4319,SAVE20,Hamilton,0.2,2886258.13,2309006.504,4458,Malaysia,MY
2013-02-15,CUST0318,Beverages,47.45,822,SAVE10,Toronto,0.1,39003.9,35103.51,4703,Ethiopia,ET
2014-07-08,CUST0319,Baby Food,255.28,607,SAVE10,Hamilton,0.1,154954.96,139459.464,4195,Greenland,GL
2016-12-12,CUST0320,Cereal,205.7,4928,SAVE10,Ottawa,0.1,1013689.6,912320.64,3307,Benin,BJ
2012-11-24,CUST0321,Cereal,205.7,7073,SAVE10,Ottawa,0.1,1454916.0999999999,1309424.49,4786,Yemen,YE
2014-11-03,CUST0322,Baby Food,255.28,7358,SAVE20,Toronto,0.2,1878350.24,1502680.192,4077,Rwanda,RW
2013-08-03,CUST0323,Meat,421.89,8132,NONE,Kitchener,0.0,3430809.48,3430809.48,4534,Mauritania,MR
2012-05-23,CUST0324,Personal Care,81.73,8775,SAVE10,Hamilton,0.1,717180.75,645462.675,4971,New Zealand,NZ
2015-07-22,CUST0325,Clothes,109.28,699,SAVE15,Waterloo,0.15,76386.72,64928.712,3816,Samoa,WS
2017-02-01,CUST0326,Clothes,109.28,2344,SAVE20,Hamilton,0.2,256152.32,204921.85600000003,3256,Fiji,FJ
2012-01-28,CUST0327,Beverages,47.45,4186,SAVE10,Ottawa,0.1,198625.7,178763.13,5087,Malawi,MW
2015-08-03,CUST0328,Beverages,47.45,3729,SAVE15,Ottawa,0.15,176941.05000000002,150399.89250000002,3804,Marshall Islands,MH
2013-06-23,CUST0329,Baby Food,255.28,508,SAVE10,Toronto,0.1,129682.24,116714.016,4575,Grenada,GD
2011-08-03,CUST0330,Meat,421.89,1093,NONE,Kitchener,0.0,461125.76999999996,461125.76999999996,5265,Luxembourg,LU
2016-10-30,CUST0331,Meat,421.89,4080,SAVE20,Waterloo,0.2,1721311.2,1377048.96,3350,Zimbabwe,ZW
2010-09-05,CUST0332,Vegetables,154.06,5100,NONE,Hamilton,0.0,785706.0,785706.0,5597,China,CN
2013-07-13,CUST0333,Beverages,47.45,1815,SAVE20,Kitchener,0.2,86121.75,68897.40000000001,4555,United States of America,US
2012-10-09,CUST0334,Vegetables,154.06,8916,SAVE10,Waterloo,0.1,1373598.96,1236239.064,4832,Central African Republic,CF
2012-01-03,CUST0335,Vegetables,154.06,3127,SAVE10,Ottawa,0.1,481745.62,433571.058,5112,Antigua and Barbuda,AG
2012-02-08,CUST0336,Baby Food,255.28,8203,SAVE20,Ottawa,0.2,2094061.84,1675249.472,5076,Guatemala,GT
2015-01-03,CUST0337,Clothes,109.28,9930,SAVE15,Toronto,0.15,1085150.4,922377.8399999999,4016,Qatar,QA
2012-05-13,CUST0338,Personal Care,81.73,1126,SAVE15,Toronto,0.15,92027.98000000001,78223.78300000001,4981,Israel,IL
2012-01-13,CUST0339,Snacks,152.58,6639,SAVE10,Hamilton,0.1,1012978.6200000001,911680.7580000001,5102,Thailand,TH
2011-07-30,CUST0340,Cereal,205.7,8349,SAVE10,Kitchener,0.1,1717389.2999999998,1545650.3699999999,5269,Singapore,SG
2017-03-13,CUST0341,Snacks,152.58,167,NONE,Kitchener,0.0,25480.86,25480.86,3216,North Korea,KP
2017-03-23,CUST0342,Office Supplies,651.21,3036,SAVE10,Waterloo,0.1,1977073.56,1779366.2040000001,3206,Austria,AT
2016-03-16,CUST0343,Baby Food,255.28,9929,SAVE20,Hamilton,0.2,2534675.12,2027740.0960000001,3578,Japan,JP
2015-12-18,CUST0344,Beverages,47.45,851,SAVE15,Toronto,0.15,40379.950000000004,34322.957500000004,3667,Zimbabwe,ZW
2011-10-25,CUST0345,Fruits,9.33,7838,SAVE15,Hamilton,0.15,73128.54,62159.25899999999,5182,Lithuania,LT
2011-06-30,CUST0346,Baby Food,255.28,9958,NONE,Ottawa,0.0,2542078.24,2542078.24,5299,Luxembourg,LU
2016-03-27,CUST0347,Cosmetics,437.2,8309,SAVE15,Toronto,0.15,3632694.8,3087790.5799999996,3567,Central African Republic,CF
2016-12-23,CUST0348,Household,668.27,1021,SAVE15,Kitchener,0.15,682303.6699999999,579958.1194999999,3296,Norway,NO
2013-04-18,CUST0349,Fruits,9.33,8256,SAVE20,Toronto,0.2,77028.48,61622.784,4641,Democratic Republic of the Congo,CD
2017-03-08,CUST0350,Household,668.27,7205,SAVE15,Ottawa,0.15,4814885.35,4092652.5474999994,3221,New Zealand,NZ
2011-06-03,CUST0351,Personal Care,81.73,7092,NONE,Toronto,0.0,579629.16,579629.16,5326,Ukraine,UA
2013-11-30,CUST0352,Personal Care,81.73,4173,NONE,Kitchener,0.0,341059.29000000004,341059.29000000004,4415,Taiwan,TW
2013-05-11,CUST0353,Cereal,205.7,6733,SAVE15,Ottawa,0.15,1384978.0999999999,1177231.3849999998,4618,Italy,IT
2010-11-13,CUST0354,Personal Care,81.73,89,SAVE10,Waterloo,0.1,7273.97,6546.573,5528,Finland,FI
2016-03-09,CUST0355,Office Supplies,651.21,1591,SAVE15,Hamilton,0.15,1036075.1100000001,880663.8435000001,3585,Sudan,SD
2013-08-19,CUST0356,Snacks,152.58,5618,NONE,Waterloo,0.0,857194.4400000001,857194.4400000001,4518,Croatia,HR
2011-04-19,CUST0357,Beverages,47.45,8581,NONE,Ottawa,0.0,407168.45,407168.45,5371,Mauritania,MR
2014-07-20,CUST0358,Baby Food,255.28,3923,SAVE20,Ottawa,0.2,1001463.4400000001,801170.7520000001,4183,New Zealand,NZ
2014-09-08,CUST0359,Beverages,47.45,7117,SAVE15,Ottawa,0.15,337701.65,287046.4025,4133,Pakistan,PK
2015-06-04,CUST0360,Household,668.27,668,SAVE15,Kitchener,0.15,446404.36,379443.706,3864,Poland,PL
2013-12-19,CUST0361,Cereal,205.7,9113,SAVE20,Ottawa,0.2,1874544.0999999999,1499635.28,4396,Lithuania,LT
2012-05-18,CUST0362,Cereal,205.7,4019,NONE,Hamilton,0.0,826708.2999999999,826708.2999999999,4976,Pakistan,PK
2013-10-12,CUST0363,Cosmetics,437.2,8984,SAVE20,Kitchener,0.2,3927804.8,3142243.84,4464,East Timor,TL
2011-01-02,CUST0364,Fruits,9.33,4638,SAVE10,Ottawa,0.1,43272.54,38945.286,5478,Marshall Islands,MH
2013-02-02,CUST0365,Household,668.27,3642,SAVE15,Kitchener,0.15,2433839.34,2068763.4389999998,4716,Cuba,CU
2011-03-19,CUST0366,Baby Food,255.28,5689,NONE,Hamilton,0.0,1452287.92,1452287.92,5402,Greenland,GL
2012-10-03,CUST0367,Personal Care,81.73,2503,SAVE20,Hamilton,0.2,204570.19,163656.152,4838,Luxembourg,LU
2014-10-23,CUST0368,Beverages,47.45,2838,NONE,Kitchener,0.0,134663.1,134663.1,4088,Israel,IL
2015-07-12,CUST0369,Baby Food,255.28,7480,SAVE10,Toronto,0.1,1909494.4,1718544.96,3826,Djibouti,DJ
2010-05-06,CUST0370,Cereal,205.7,4247,SAVE15,Waterloo,0.15,873607.8999999999,742566.7149999999,5719,Bulgaria,BG
2010-11-27,CUST0371,Vegetables,154.06,2988,SAVE20,Ottawa,0.2,460331.28,368265.02400000003,5514,Mongolia,MN
2010-12-26,CUST0372,Clothes,109.28,582,NONE,Waterloo,0.0,63600.96,63600.96,5485,Dominican Republic,DO
2012-12-30,CUST0373,Cosmetics,437.2,5940,SAVE15,Hamilton,0.15,2596968.0,2207422.8,4750,Yemen,YE
2016-08-21,CUST0374,Personal Care,81.73,5005,SAVE15,Waterloo,0.15,409058.65,347699.85250000004,3420,Federated States of Micronesia,FM
2015-02-03,CUST0375,Personal Care,81.73,5751,NONE,Toronto,0.0,470029.23000000004,470029.23000000004,3985,Finland,FI
2013-12-19,CUST0376,Cereal,205.7,3181,SAVE15,Waterloo,0.15,654331.7,556181.945,4396,The Bahamas,BS
2012-05-12,CUST0377,Meat,421.89,4334,SAVE15,Waterloo,0.15,1828471.26,1554200.571,4982,Grenada,GD
2014-03-28,CUST0378,Meat,421.89,3275,SAVE20,Hamilton,0.2,1381689.75,1105351.8,4297,Sao Tome and Principe,ST
2017-01-11,CUST0379,Personal Care,81.73,6103,SAVE15,Hamilton,0.15,498798.19,423978.4615,3277,El Salvador,SV
2015-06-21,CUST0380,Baby Food,255.28,5949,SAVE20,Ottawa,0.2,1518660.72,1214928.5760000001,3847,Sweden,SE
2012-11-29,CUST0381,Cosmetics,437.2,7974,SAVE15,Kitchener,0.15,3486232.8,2963297.88,4781,Turkmenistan,TM
2010-01-01,CUST0382,Vegetables,154.06,4369,SAVE10,Ottawa,0.1,673088.14,605779.326,5844,Monaco,MC
2016-01-06,CUST0383,Meat,421.89,9359,SAVE10,Hamilton,0.1,3948468.51,3553621.659,3648,Turkey,TR
2014-10-14,CUST0384,Beverages,47.45,4199,SAVE20,Ottawa,0.2,199242.55000000002,159394.04000000004,4097,Mozambique,MZ
2013-12-09,CUST0385,Office Supplies,651.21,2173,SAVE20,Waterloo,0.2,1415079.33,1132063.4640000002,4406,Yemen,YE
2010-10-19,CUST0386,Cereal,205.7,3601,SAVE10,Waterloo,0.1,740725.7,666653.13,5553,Philippines,PH
2011-05-02,CUST0387,Personal Care,81.73,830,SAVE15,Hamilton,0.15,67835.90000000001,57660.51500000001,5358,Democratic Republic of the Congo,CD
2011-03-17,CUST0388,Snacks,152.58,3241,SAVE20,Hamilton,0.2,494511.78,395609.42400000006,5404,Fiji,FJ
2014-09-24,CUST0389,Office Supplies,651.21,2244,NONE,Ottawa,0.0,1461315.24,1461315.24,4117,Macedonia,MK
2015-12-01,CUST0390,Cereal,205.7,6283,SAVE15,Ottawa,0.15,1292413.0999999999,1098551.1349999998,3684,Tunisia,TN
2017-06-02,CUST0391,Cereal,205.7,5829,SAVE15,Waterloo,0.15,1199025.3,1019171.505,3135,Liechtenstein,LI
2011-08-04,CUST0392,Cosmetics,437.2,8390,SAVE10,Kitchener,0.1,3668108.0,3301297.2,5264,Qatar,QA
2014-07-29,CUST0393,Meat,421.89,3499,SAVE20,Kitchener,0.2,1476193.1099999999,1180954.488,4174,Tonga,TO
2017-01-26,CUST0394,Meat,421.89,7726,SAVE15,Hamilton,0.15,3259522.1399999997,2770593.8189999997,3262,Belgium,BE
2010-11-05,CUST0395,Fruits,9.33,9669,SAVE20,Ottawa,0.2,90211.77,72169.41600000001,5536,Chad,TD
2015-03-26,CUST0396,Baby Food,255.28,4957,SAVE20,Kitchener,0.2,1265422.96,1012338.368,3934,Thailand,TH
2012-10-07,CUST0397,Clothes,109.28,1251,SAVE20,Ottawa,0.2,136709.28,109367.424,4834,Iceland,IS
2013-07-22,CUST0398,Meat,421.89,3245,SAVE10,Toronto,0.1,1369033.05,1232129.745,4546,Saint Lucia,LC
2013-08-16,CUST0399,Cosmetics,437.2,7661,SAVE20,Waterloo,0.2,3349389.1999999997,2679511.36,4521,Japan,JP
2013-11-05,CUST0400,Personal Care,81.73,8254,SAVE10,Ottawa,0.1,674599.42,607139.478,4440,India,IN
2016-03-01,CUST0401,Office Supplies,651.21,812,NONE,Ottawa,0.0,528782.52,528782.52,3593,Vanuatu,VU
2012-03-25,CUST0402,Meat,421.89,8150,SAVE15,Ottawa,0.15,3438403.5,2922642.975,5030,Chad,TD
2017-06-20,CUST0403,Cosmetics,437.2,5118,SAVE15,Kitchener,0.15,2237589.6,1901951.16,3117,Malawi,MW
2014-04-18,CUST0404,Cosmetics,437.2,3596,NONE,Ottawa,0.0,1572171.2,1572171.2,4276,Finland,FI
2016-06-28,CUST0405,Clothes,109.28,7494,SAVE10,Toronto,0.1,818944.3200000001,737049.888,3474,Turkey,TR
2012-05-20,CUST0406,Meat,421.89,7755,SAVE15,Kitchener,0.15,3271756.9499999997,2780993.4074999997,4974,South Africa,ZA
2014-02-04,CUST0407,Office Supplies,651.21,7353,SAVE10,Hamilton,0.1,4788347.13,4309512.417,4349,Lithuania,LT
2015-11-15,CUST0408,Beverages,47.45,6293,SAVE10,Hamilton,0.1,298602.85000000003,268742.56500000006,3700,Russia,RU
2013-01-11,CUST0409,Baby Food,255.28,6610,SAVE10,Waterloo,0.1,1687400.8,1518660.72,4738,The Bahamas,BS
2013-04-24,CUST0410,Snacks,152.58,7373,NONE,Toronto,0.0,1124972.34,1124972.34,4635,The Bahamas,BS
2010-05-15,CUST0411,Cosmetics,437.2,9679,NONE,Ottawa,0.0,4231658.8,4231658.8,5710,Turkey,TR
2010-04-17,CUST0412,Cosmetics,437.2,1659,SAVE10,Toronto,0.1,725314.7999999999,652783.32,5738,Mauritius,MU
2012-08-25,CUST0413,Vegetables,154.06,3473,SAVE20,Hamilton,0.2,535050.38,428040.304,4877,Bulgaria,BG
2014-04-19,CUST0414,Household,668.27,2315,NONE,Ottawa,0.0,1547045.05,1547045.05,4275,Iran,IR
2013-02-26,CUST0415,Household,668.27,7408,SAVE20,Toronto,0.2,4950544.16,3960435.328,4692,Ghana,GH
2011-12-28,CUST0416,Baby Food,255.28,5006,SAVE20,Kitchener,0.2,1277931.68,1022345.344,5118,Malawi,MW
2014-08-21,CUST0417,Baby Food,255.28,3395,SAVE10,Ottawa,0.1,866675.6,780008.04,4151,Zimbabwe,ZW
2014-08-21,CUST0418,Vegetables,154.06,7894,SAVE20,Kitchener,0.2,1216149.6400000001,972919.7120000002,4151,Tajikistan,TJ
2014-03-02,CUST0419,Cereal,205.7,5851,SAVE20,Toronto,0.2,1203550.7,962840.56,4323,Czech Republic,CZ
2012-09-06,CUST0420,Household,668.27,1646,SAVE20,Ottawa,0.2,1099972.42,879977.936,4865,Mauritius,MU
2010-09-16,CUST0421,Fruits,9.33,1689,SAVE10,Waterloo,0.1,15758.37,14182.533000000001,5586,Lesotho,LS
2013-08-13,CUST0422,Beverages,47.45,9424,SAVE10,Waterloo,0.1,447168.80000000005,402451.92000000004,4524,Mali,ML
2012-09-11,CUST0423,Personal Care,81.73,323,NONE,Hamilton,0.0,26398.79,26398.79,4860,Georgia,GE
2011-08-31,CUST0424,Office Supplies,651.21,6892,NONE,Ottawa,0.0,4488139.32,4488139.32,5237,Albania,AL
2015-04-21,CUST0425,Cosmetics,437.2,3667,SAVE20,Toronto,0.2,1603212.4,1282569.92,3908,Cyprus,CY
2010-07-11,CUST0426,Household,668.27,2215,SAVE10,Waterloo,0.1,1480218.05,1332196.245,5653,Saint Kitts and Nevis,KN
2015-08-09,CUST0427,Meat,421.89,6135,SAVE10,Hamilton,0.1,2588295.15,2329465.635,3798,Tunisia,TN
2015-10-17,CUST0428,Meat,421.89,6057,SAVE20,Ottawa,0.2,2555387.73,2044310.1840000001,3729,Cuba,CU
2012-07-24,CUST0429,Cereal,205.7,4641,NONE,Waterloo,0.0,954653.7,954653.7,4909,Kiribati,KI
2012-03-25,CUST0430,Snacks,152.58,1581,SAVE10,Ottawa,0.1,241228.98,217106.08200000002,5030,Cambodia,KH
2014-08-11,CUST0431,Baby Food,255.28,8600,NONE,Hamilton,0.0,2195408.0,2195408.0,4161,Moldova,MD
2016-10-15,CUST0432,Cereal,205.7,4452,SAVE20,Toronto,0.2,915776.3999999999,732621.12,3365,Uzbekistan,UZ
2016-12-03,CUST0433,Cosmetics,437.2,9924,SAVE10,Hamilton,0.1,4338772.8,3904895.52,3316,India,IN
2010-06-12,CUST0434,Personal Care,81.73,2834,SAVE20,Toronto,0.2,231622.82,185298.25600000002,5682,Germany,DE
2016-07-29,CUST0435,Vegetables,154.06,3030,SAVE15,Kitchener,0.15,466801.8,396781.52999999997,3443,Austria,AT
2013-12-09,CUST0436,Office Supplies,651.21,7391,SAVE20,Waterloo,0.2,4813093.11,3850474.4880000004,4406,Germany,DE
2012-07-12,CUST0437,Clothes,109.28,4829,SAVE20,Kitchener,0.2,527713.12,422170.49600000004,4921,Bhutan,BT
2012-01-14,CUST0438,Fruits,9.33,1287,SAVE20,Toronto,0.2,12007.710000000001,9606.168000000001,5101,Kyrgyzstan,KG
2013-03-20,CUST0439,Personal Care,81.73,4738,SAVE10,Ottawa,0.1,387236.74,348513.066,4670,Somalia,SO
2014-02-10,CUST0440,Household,668.27,186,SAVE20,Toronto,0.2,124298.22,99438.576,4343,Saint Lucia,LC
2013-10-26,CUST0441,Snacks,152.58,4668,SAVE20,Toronto,0.2,712243.4400000001,569794.7520000001,4450,Armenia,AM
2016-04-16,CUST0442,Beverages,47.45,2252,SAVE15,Ottawa,0.15,106857.40000000001,90828.79000000001,3547,Canada,CA
2011-05-27,CUST0443,Cosmetics,437.2,9036,SAVE10,Kitchener,0.1,3950539.1999999997,3555485.28,5333,Burundi,BI
2016-08-04,CUST0444,Cereal,205.7,8149,SAVE15,Waterloo,0.15,1676249.2999999998,1424811.9049999998,3437,Liechtenstein,LI
2012-07-03,CUST0445,Snacks,152.58,4754,SAVE20,Toronto,0.2,725365.3200000001,580292.256,4930,Tunisia,TN
2014-12-04,CUST0446,Beverages,47.45,1042,SAVE10,Toronto,0.1,49442.9,44498.61,4046,Iraq,IQ
2010-05-31,CUST0447,Cosmetics,437.2,1237,SAVE15,Waterloo,0.15,540816.4,459693.94,5694,Indonesia,ID
2013-02-05,CUST0448,Beverages,47.45,6594,SAVE20,Toronto,0.2,312885.30000000005,250308.24000000005,4713,Kazakhstan,KZ
2015-06-15,CUST0449,Beverages,47.45,399,NONE,Waterloo,0.0,18932.550000000003,18932.550000000003,3853,Denmark,DK
2014-10-21,CUST0450,Vegetables,154.06,2969,SAVE15,Waterloo,0.15,457404.14,388793.51900000003,4090,Luxembourg,LU
2017-02-13,CUST0451,Snacks,152.58,6653,SAVE10,Waterloo,0.1,1015114.7400000001,913603.2660000001,3244,Cape Verde,CV
2010-06-29,CUST0452,Vegetables,154.06,832,SAVE15,Ottawa,0.15,128177.92,108951.23199999999,5665,Palau,PW
2014-05-19,CUST0453,Vegetables,154.06,6915,SAVE15,Kitchener,0.15,1065324.9,905526.1649999999,4245,Australia,AU
2015-03-21,CUST0454,Meat,421.89,3346,SAVE15,Kitchener,0.15,1411643.94,1199897.349,3939,Nicaragua,NI
2015-08-31,CUST0455,Office Supplies,651.21,598,NONE,Hamilton,0.0,389423.58,389423.58,3776,Laos,LA
2015-08-23,CUST0456,Personal Care,81.73,6176,SAVE10,Ottawa,0.1,504764.48000000004,454288.03200000006,3784,Cuba,CU
2016-02-24,CUST0457,Cosmetics,437.2,9615,SAVE10,Hamilton,0.1,4203678.0,3783310.2,3599,Moldova,MD
2015-06-17,CUST0458,Household,668.27,7485,SAVE10,Kitchener,0.1,5002000.95,4501800.855,3851,Syria,SY
2012-11-27,CUST0459,Cereal,205.7,8382,SAVE20,Kitchener,0.2,1724177.4,1379341.92,4783,The Bahamas,BS
2012-09-07,CUST0460,Snacks,152.58,7938,SAVE10,Kitchener,0.1,1211180.04,1090062.036,4864,Belarus,BY
2012-06-23,CUST0461,Clothes,109.28,3812,SAVE10,Toronto,0.1,416575.36,374917.824,4940,United Arab Emirates,AE
2014-10-23,CUST0462,Beverages,47.45,698,NONE,Hamilton,0.0,33120.1,33120.1,4088,Angola,AO
2015-09-18,CUST0463,Cosmetics,437.2,5320,SAVE20,Ottawa,0.2,2325904.0,1860723.2000000002,3758,Cuba,CU
2016-01-24,CUST0464,Office Supplies,651.21,1431,SAVE20,Hamilton,0.2,931881.51,745505.2080000001,3630,Ukraine,UA
2010-03-23,CUST0465,Fruits,9.33,4818,SAVE15,Kitchener,0.15,44951.94,38209.149,5763,Mozambique,MZ
2012-07-26,CUST0466,Personal Care,81.73,8299,SAVE20,Ottawa,0.2,678277.27,542621.816,4907,Armenia,AM
2015-10-20,CUST0467,Clothes,109.28,6722,SAVE20,Hamilton,0.2,734580.16,587664.128,3726,Greenland,GL
2017-06-27,CUST0468,Office Supplies,651.21,1968,NONE,Kitchener,0.0,1281581.28,1281581.28,3110,Saint Kitts and Nevis,KN
2016-04-04,CUST0469,Beverages,47.45,7946,SAVE10,Kitchener,0.1,377037.7,339333.93,3559,Vatican City,VA
2015-08-05,CUST0470,Clothes,109.28,5600,SAVE20,Ottawa,0.2,611968.0,489574.4,3802,Ukraine,UA
2012-06-16,CUST0471,Cereal,205.7,7903,SAVE20,Waterloo,0.2,1625647.0999999999,1300517.68,4947,Niger,NE
2016-04-03,CUST0472,Cosmetics,437.2,4860,NONE,Ottawa,0.0,2124792.0,2124792.0,3560,Myanmar,MM
2014-09-21,CUST0473,Baby Food,255.28,8508,SAVE20,Waterloo,0.2,2171922.24,1737537.7920000004,4120,Guinea,GN
2015-08-08,CUST0474,Snacks,152.58,7913,SAVE20,Toronto,0.2,1207365.54,965892.432,3799,Guinea-Bissau,GW
2012-07-19,CUST0475,Office Supplies,651.21,4174,NONE,Ottawa,0.0,2718150.54,2718150.54,4914,South Sudan,SS
2011-08-26,CUST0476,Snacks,152.58,5421,SAVE15,Waterloo,0.15,827136.18,703065.753,5242,Turkey,TR
2012-06-23,CUST0477,Household,668.27,1816,SAVE15,Hamilton,0.15,1213578.32,1031541.572,4940,Palau,PW
2011-11-20,CUST0478,Beverages,47.45,550,SAVE20,Kitchener,0.2,26097.5,20878.0,5156,Poland,PL
2015-05-13,CUST0479,Beverages,47.45,848,SAVE20,Toronto,0.2,40237.600000000006,32190.080000000005,3886,Malaysia,MY
2010-07-16,CUST0480,Personal Care,81.73,8963,SAVE10,Ottawa,0.1,732545.99,659291.3910000001,5648,United States of America,US
2016-05-21,CUST0481,Cosmetics,437.2,3183,SAVE20,Waterloo,0.2,1391607.5999999999,1113286.0799999998,3512,Switzerland,CH
2011-04-22,CUST0482,Cosmetics,437.2,8825,SAVE10,Hamilton,0.1,3858290.0,3472461.0,5368,Papua New Guinea,PG
2012-08-14,CUST0483,Beverages,47.45,3237,SAVE15,Waterloo,0.15,153595.65000000002,130556.30250000002,4888,Namibia,NA
2012-03-17,CUST0484,Clothes,109.28,799,SAVE20,Ottawa,0.2,87314.72,69851.776,5038,Ireland,IE
2010-08-06,CUST0485,Household,668.27,7922,SAVE20,Waterloo,0.2,5294034.9399999995,4235227.952,5627,Mozambique,MZ
2013-02-25,CUST0486,Baby Food,255.28,8049,NONE,Ottawa,0.0,2054748.72,2054748.72,4693,Democratic Republic of the Congo,CD
2011-03-06,CUST0487,Meat,421.89,6654,SAVE20,Waterloo,0.2,2807256.06,2245804.848,5415,United States of America,US
2015-12-14,CUST0488,Office Supplies,651.21,6240,SAVE15,Kitchener,0.15,4063550.4000000004,3454017.8400000003,3671,Azerbaijan,AZ
2017-02-10,CUST0489,Office Supplies,651.21,1345,SAVE20,Ottawa,0.2,875877.4500000001,700701.9600000001,3247,Belgium,BE
2016-09-20,CUST0490,Office Supplies,651.21,3536,SAVE10,Ottawa,0.1,2302678.56,2072410.7040000001,3390,Taiwan,TW
2010-04-30,CUST0491,Baby Food,255.28,6411,SAVE20,Toronto,0.2,1636600.08,1309280.0640000002,5725,Panama,PA
2013-06-25,CUST0492,Beverages,47.45,600,SAVE10,Kitchener,0.1,28470.0,25623.0,4573,Andorra,AD
2012-07-04,CUST0493,Household,668.27,8765,NONE,Ottawa,0.0,5857386.55,5857386.55,4929,Georgia,GE
2013-09-21,CUST0494,Snacks,152.58,597,SAVE20,Hamilton,0.2,91090.26000000001,72872.20800000001,4485,Barbados,BB
2016-12-08,CUST0495,Personal Care,81.73,7821,NONE,Waterloo,0.0,639210.3300000001,639210.3300000001,3311,Sweden,SE
2011-09-02,CUST0496,Meat,421.89,9191,NONE,Hamilton,0.0,3877590.9899999998,3877590.9899999998,5235,Algeria,DZ
2011-03-21,CUST0497,Personal Care,81.73,5494,SAVE20,Waterloo,0.2,449024.62,359219.696,5400,Italy,IT
2011-01-08,CUST0498,Fruits,9.33,4546,SAVE10,Waterloo,0.1,42414.18,38172.762,5472,Russia,RU
2015-02-22,CUST0499,Office Supplies,651.21,6197,SAVE20,Toronto,0.2,4035548.37,3228438.6960000005,3966,Antigua and Barbuda,AG
2017-05-15,CUST0500,Fruits,9.33,7325,SAVE10,Ottawa,0.1,68342.25,61508.025,3153,Jordan,JO
